CREATE DATABASE CW1 -- впишите сюда им¤ базы, которое ¬ам нравитс¤
GO

USE CW1 -- если заменили им¤ базы при создании, то здесь тоже замените
GO

CREATE TABLE Students (Student_ID int primary key, Name nvarchar(50), Group_id nvarchar(5), Date_of_Birth date)
CREATE TABLE Student_courses (Student_ID int, Course_id int, primary key(Student_ID, Course_id))
CREATE TABLE Courses (Course_id int primary key, Course nvarchar(50), Dur1Lsn float, SumDur float)
CREATE TABLE Attendance (Course_id int, Student_ID int, Date_of_att date, primary key(Course_id, Student_id, Date_of_att))

INSERT INTO Students VALUES (1,'Smith','B72','19991015')
INSERT INTO Students VALUES (2,'Ivanov','A72','19990725')
INSERT INTO Students VALUES (3,'Smirnov','C72','19980517')
INSERT INTO Students VALUES (4,'Smithson','D78','19971025')
INSERT INTO Students VALUES (5,'Aerosmith','B72','19961113')
INSERT INTO Students VALUES (6,'Kuznetsov','B72','20000801')
INSERT INTO Students VALUES (7,'Mikhailov','C83','19990815')
INSERT INTO Students VALUES (8,'Tolstov','B72','19980630')
INSERT INTO Students VALUES (9,'Homyakov','D22','19990310')
INSERT INTO Students VALUES (10,'Pushkin','B72','19970424')

INSERT INTO Student_courses VALUES (1,2)
INSERT INTO Student_courses VALUES (1,5)
INSERT INTO Student_courses VALUES (1,10)
INSERT INTO Student_courses VALUES (2,1)
INSERT INTO Student_courses VALUES (2,4)
INSERT INTO Student_courses VALUES (2,8)
INSERT INTO Student_courses VALUES (2,9)
INSERT INTO Student_courses VALUES (2,10)
INSERT INTO Student_courses VALUES (3,1)
INSERT INTO Student_courses VALUES (3,2)
INSERT INTO Student_courses VALUES (3,5)
INSERT INTO Student_courses VALUES (10,2)
INSERT INTO Student_courses VALUES (3,8)
INSERT INTO Student_courses VALUES (3,9)
INSERT INTO Student_courses VALUES (4,1)
INSERT INTO Student_courses VALUES (4,8)
INSERT INTO Student_courses VALUES (4,9)
INSERT INTO Student_courses VALUES (4,2)
INSERT INTO Student_courses VALUES (5,1)
INSERT INTO Student_courses VALUES (5,9)
INSERT INTO Student_courses VALUES (6,6)
INSERT INTO Student_courses VALUES (6,4)
INSERT INTO Student_courses VALUES (6,5)
INSERT INTO Student_courses VALUES (6,7)
INSERT INTO Student_courses VALUES (6,10)
INSERT INTO Student_courses VALUES (7,7)
INSERT INTO Student_courses VALUES (7,8)
INSERT INTO Student_courses VALUES (7,3)
INSERT INTO Student_courses VALUES (9,3)
INSERT INTO Student_courses VALUES (9,5)
INSERT INTO Student_courses VALUES (9,7)
INSERT INTO Student_courses VALUES (9,8)
INSERT INTO Student_courses VALUES (9,9)
INSERT INTO Student_courses VALUES (9,10)
INSERT INTO Student_courses VALUES (10,6)

INSERT INTO Courses VALUES (1,'SQL',2,40)
INSERT INTO Courses VALUES (2,'C++',2,40)
INSERT INTO Courses VALUES (3,'Machine Learning',2,60)
INSERT INTO Courses VALUES (4,'Algorithms',3,60)
INSERT INTO Courses VALUES (5,'R',2,20)
INSERT INTO Courses VALUES (6,'Python',2,30)
INSERT INTO Courses VALUES (7,'Economics',1,30)
INSERT INTO Courses VALUES (8,'Intro to Data Science',3,60)
INSERT INTO Courses VALUES (9,'Intro to CS',2,50)
INSERT INTO Courses VALUES (10,'Dressmaking',1,20)

INSERT INTO Attendance VALUES (3,7,'20180901')
INSERT INTO Attendance VALUES (3,9,'20180901')
INSERT INTO Attendance VALUES (3,1,'20180901')
INSERT INTO Attendance VALUES (3,2,'20180901')
INSERT INTO Attendance VALUES (4,1,'20180902')
INSERT INTO Attendance VALUES (4,2,'20180902')
INSERT INTO Attendance VALUES (4,6,'20180902')
INSERT INTO Attendance VALUES (1,1,'20180903')
INSERT INTO Attendance VALUES (1,2,'20180903')
INSERT INTO Attendance VALUES (5,3,'20180903')
INSERT INTO Attendance VALUES (1,4,'20180903')
INSERT INTO Attendance VALUES (7,6,'20180904')
INSERT INTO Attendance VALUES (7,7,'20180904')
INSERT INTO Attendance VALUES (7,8,'20180904')
INSERT INTO Attendance VALUES (10,9,'20180905')
INSERT INTO Attendance VALUES (2,1,'20180907')
INSERT INTO Attendance VALUES (2,3,'20180907')
INSERT INTO Attendance VALUES (8,4,'20180907')
INSERT INTO Attendance VALUES (2,10,'20180907')
INSERT INTO Attendance VALUES (3,3,'20180908')
INSERT INTO Attendance VALUES (3,4,'20180908')
INSERT INTO Attendance VALUES (3,5,'20180908')
INSERT INTO Attendance VALUES (3,7,'20180908')
INSERT INTO Attendance VALUES (3,9,'20180908')
INSERT INTO Attendance VALUES (4,1,'20180909')
INSERT INTO Attendance VALUES (4,2,'20180909')
INSERT INTO Attendance VALUES (4,3,'20180909')
INSERT INTO Attendance VALUES (4,4,'20180909')
INSERT INTO Attendance VALUES (4,6,'20180909')
INSERT INTO Attendance VALUES (1,5,'20180903')
INSERT INTO Attendance VALUES (1,6,'20180910')
INSERT INTO Attendance VALUES (1,7,'20180910')
INSERT INTO Attendance VALUES (6,10,'20180910')
INSERT INTO Attendance VALUES (7,9,'20180911')
INSERT INTO Attendance VALUES (7,6,'20180911')
INSERT INTO Attendance VALUES (7,7,'20180911')
INSERT INTO Attendance VALUES (7,1,'20180911')
INSERT INTO Attendance VALUES (10,9,'20180912')
INSERT INTO Attendance VALUES (2,1,'20180914')
INSERT INTO Attendance VALUES (2,2,'20180914')
INSERT INTO Attendance VALUES (9,3,'20180914')
INSERT INTO Attendance VALUES (2,4,'20180914')
INSERT INTO Attendance VALUES (2,5,'20180914')
INSERT INTO Attendance VALUES (3,7,'20180915')
INSERT INTO Attendance VALUES (3,9,'20180915')
INSERT INTO Attendance VALUES (3,8,'20180915')
INSERT INTO Attendance VALUES (3,6,'20180915')
INSERT INTO Attendance VALUES (4,2,'20180916')
INSERT INTO Attendance VALUES (4,6,'20180916')
INSERT INTO Attendance VALUES (1,2,'20180917')
INSERT INTO Attendance VALUES (1,3,'20180917')
INSERT INTO Attendance VALUES (1,4,'20180917')
INSERT INTO Attendance VALUES (1,5,'20180917')
INSERT INTO Attendance VALUES (7,2,'20180918')
INSERT INTO Attendance VALUES (7,3,'20180918')
INSERT INTO Attendance VALUES (7,6,'20180918')
INSERT INTO Attendance VALUES (7,7,'20180918')
INSERT INTO Attendance VALUES (10,9,'20180919')
INSERT INTO Attendance VALUES (2,1,'20180921')
INSERT INTO Attendance VALUES (8,3,'20180921')
INSERT INTO Attendance VALUES (2,4,'20180921')
INSERT INTO Attendance VALUES (2,6,'20180921')
INSERT INTO Attendance VALUES (2,8,'20180921')
INSERT INTO Attendance VALUES (3,1,'20180922')
INSERT INTO Attendance VALUES (3,2,'20180922')
INSERT INTO Attendance VALUES (3,3,'20180922')
INSERT INTO Attendance VALUES (3,4,'20180922')
INSERT INTO Attendance VALUES (4,2,'20180923')
INSERT INTO Attendance VALUES (4,4,'20180923')
INSERT INTO Attendance VALUES (4,6,'20180923')
INSERT INTO Attendance VALUES (5,6,'20180917')
INSERT INTO Attendance VALUES (1,10,'20180924')
INSERT INTO Attendance VALUES (1,2,'20180924')
INSERT INTO Attendance VALUES (1,3,'20180924')
INSERT INTO Attendance VALUES (7,9,'20180925')
INSERT INTO Attendance VALUES (7,6,'20180925')
INSERT INTO Attendance VALUES (7,3,'20180925')
INSERT INTO Attendance VALUES (10,9,'20180926')
INSERT INTO Attendance VALUES (2,1,'20180928')
INSERT INTO Attendance VALUES (9,3,'20180928')
INSERT INTO Attendance VALUES (2,4,'20180928')
INSERT INTO Attendance VALUES (2,10,'20180928')
INSERT INTO Attendance VALUES (3,5,'20180929')
INSERT INTO Attendance VALUES (3,6,'20180929')
INSERT INTO Attendance VALUES (3,7,'20180929')
INSERT INTO Attendance VALUES (3,8,'20180929')
INSERT INTO Attendance VALUES (4,1,'20180930')
INSERT INTO Attendance VALUES (4,2,'20180930')
INSERT INTO Attendance VALUES (4,5,'20180930')
INSERT INTO Attendance VALUES (4,4,'20180930')
INSERT INTO Attendance VALUES (4,6,'20180930')
INSERT INTO Attendance VALUES (1,4,'20181001')
INSERT INTO Attendance VALUES (1,5,'20181001')
INSERT INTO Attendance VALUES (1,6,'20181001')
INSERT INTO Attendance VALUES (6,10,'20181001')
INSERT INTO Attendance VALUES (7,1,'20181002')
INSERT INTO Attendance VALUES (7,2,'20181002')
INSERT INTO Attendance VALUES (7,3,'20181002')
INSERT INTO Attendance VALUES (7,4,'20181002')
INSERT INTO Attendance VALUES (7,6,'20181002')
INSERT INTO Attendance VALUES (10,2,'20181003')
INSERT INTO Attendance VALUES (10,9,'20181003')
INSERT INTO Attendance VALUES (2,1,'20181005')
INSERT INTO Attendance VALUES (8,3,'20181005')
INSERT INTO Attendance VALUES (2,4,'20181005')
INSERT INTO Attendance VALUES (2,10,'20181005')
INSERT INTO Attendance VALUES (3,9,'20181006')
INSERT INTO Attendance VALUES (3,10,'20181006')
INSERT INTO Attendance VALUES (3,1,'20181006')
INSERT INTO Attendance VALUES (3,2,'20181006')
INSERT INTO Attendance VALUES (4,2,'20181007')
INSERT INTO Attendance VALUES (4,6,'20181007')
INSERT INTO Attendance VALUES (1,2,'20181008')
INSERT INTO Attendance VALUES (1,3,'20181008')
INSERT INTO Attendance VALUES (1,4,'20181008')
INSERT INTO Attendance VALUES (1,5,'20181008')
INSERT INTO Attendance VALUES (7,7,'20181009')
INSERT INTO Attendance VALUES (7,9,'20181009')
INSERT INTO Attendance VALUES (7,1,'20181009')
INSERT INTO Attendance VALUES (7,2,'20181009')
INSERT INTO Attendance VALUES (7,3,'20181009')
INSERT INTO Attendance VALUES (10,9,'20181010')
INSERT INTO Attendance VALUES (2,1,'20181012')
INSERT INTO Attendance VALUES (9,3,'20181012')
INSERT INTO Attendance VALUES (2,4,'20181012')
INSERT INTO Attendance VALUES (2,10,'20181012')
INSERT INTO Attendance VALUES (3,2,'20181013')
INSERT INTO Attendance VALUES (3,4,'20181013')
INSERT INTO Attendance VALUES (3,6,'20181013')
INSERT INTO Attendance VALUES (3,7,'20181013')
INSERT INTO Attendance VALUES (4,2,'20181014')
INSERT INTO Attendance VALUES (4,6,'20181014')
INSERT INTO Attendance VALUES (4,8,'20181014')
INSERT INTO Attendance VALUES (4,10,'20181014')
INSERT INTO Attendance VALUES (5,6,'20181015')
INSERT INTO Attendance VALUES (1,10,'20181015')
INSERT INTO Attendance VALUES (1,2,'20181015')
INSERT INTO Attendance VALUES (1,3,'20181015')
INSERT INTO Attendance VALUES (7,6,'20181016')
INSERT INTO Attendance VALUES (7,7,'20181016')
INSERT INTO Attendance VALUES (7,9,'20181016')
INSERT INTO Attendance VALUES (10,9,'20181017')
INSERT INTO Attendance VALUES (2,1,'20181019')
INSERT INTO Attendance VALUES (8,3,'20181019')
INSERT INTO Attendance VALUES (2,4,'20181019')
INSERT INTO Attendance VALUES (2,10,'20181019')
INSERT INTO Attendance VALUES (3,9,'20181020')
INSERT INTO Attendance VALUES (3,1,'20181020')
INSERT INTO Attendance VALUES (3,3,'20181020')
INSERT INTO Attendance VALUES (3,5,'20181020')
INSERT INTO Attendance VALUES (4,2,'20181021')
INSERT INTO Attendance VALUES (4,6,'20181021')
INSERT INTO Attendance VALUES (1,4,'20181022')
INSERT INTO Attendance VALUES (1,5,'20181022')
INSERT INTO Attendance VALUES (1,6,'20181022')
INSERT INTO Attendance VALUES (6,10,'20181022')
INSERT INTO Attendance VALUES (7,6,'20181023')
INSERT INTO Attendance VALUES (7,7,'20181023')
INSERT INTO Attendance VALUES (10,9,'20181024')
INSERT INTO Attendance VALUES (2,1,'20181026')
INSERT INTO Attendance VALUES (9,3,'20181026')
INSERT INTO Attendance VALUES (2,4,'20181026')
INSERT INTO Attendance VALUES (2,10,'20181026')
INSERT INTO Attendance VALUES (8,2,'20181026')
INSERT INTO Attendance VALUES (3,7,'20181027')
INSERT INTO Attendance VALUES (3,8,'20181027')
INSERT INTO Attendance VALUES (3,9,'20181027')
INSERT INTO Attendance VALUES (3,10,'20181027')
INSERT INTO Attendance VALUES (3,1,'20181027')
INSERT INTO Attendance VALUES (4,1,'20181028')
INSERT INTO Attendance VALUES (4,2,'20181028')
INSERT INTO Attendance VALUES (4,6,'20181028')
INSERT INTO Attendance VALUES (4,10,'20181028')
INSERT INTO Attendance VALUES (1,2,'20181022')
INSERT INTO Attendance VALUES (5,3,'20181029')
INSERT INTO Attendance VALUES (1,4,'20181029')
INSERT INTO Attendance VALUES (1,5,'20181029')
INSERT INTO Attendance VALUES (7,9,'20181030')
INSERT INTO Attendance VALUES (10,1,'20181031')
INSERT INTO Attendance VALUES (10,9,'20181031')
INSERT INTO Attendance VALUES (2,1,'20181102')
INSERT INTO Attendance VALUES (2,3,'20181102')
INSERT INTO Attendance VALUES (3,3,'20181103')
INSERT INTO Attendance VALUES (3,5,'20181103')
INSERT INTO Attendance VALUES (3,7,'20181103')
INSERT INTO Attendance VALUES (3,9,'20181103')
INSERT INTO Attendance VALUES (1,6,'20181029')
INSERT INTO Attendance VALUES (1,10,'20181029')
INSERT INTO Attendance VALUES (1,2,'20181029')
INSERT INTO Attendance VALUES (1,3,'20181105')
INSERT INTO Attendance VALUES (7,6,'20181106')
INSERT INTO Attendance VALUES (7,7,'20181106')
INSERT INTO Attendance VALUES (10,9,'20181107')
INSERT INTO Attendance VALUES (2,1,'20181109')
INSERT INTO Attendance VALUES (9,3,'20181109')
INSERT INTO Attendance VALUES (2,4,'20181109')
INSERT INTO Attendance VALUES (2,10,'20181109')
INSERT INTO Attendance VALUES (3,10,'20181110')
INSERT INTO Attendance VALUES (3,2,'20181110')
INSERT INTO Attendance VALUES (3,4,'20181110')
INSERT INTO Attendance VALUES (3,6,'20181110')
INSERT INTO Attendance VALUES (4,2,'20181111')
INSERT INTO Attendance VALUES (4,6,'20181111')
INSERT INTO Attendance VALUES (1,4,'20181112')
INSERT INTO Attendance VALUES (1,5,'20181112')
INSERT INTO Attendance VALUES (5,6,'20181112')
INSERT INTO Attendance VALUES (6,10,'20181112')
INSERT INTO Attendance VALUES (7,6,'20181113')
INSERT INTO Attendance VALUES (7,7,'20181113')
INSERT INTO Attendance VALUES (7,9,'20181113')
INSERT INTO Attendance VALUES (7,10,'20181113')
INSERT INTO Attendance VALUES (10,9,'20181114')
INSERT INTO Attendance VALUES (2,1,'20181116')
INSERT INTO Attendance VALUES (8,3,'20181116')
INSERT INTO Attendance VALUES (2,4,'20181116')
INSERT INTO Attendance VALUES (3,8,'20181117')
INSERT INTO Attendance VALUES (3,10,'20181117')
INSERT INTO Attendance VALUES (3,1,'20181117')
INSERT INTO Attendance VALUES (3,3,'20181117')
INSERT INTO Attendance VALUES (4,1,'20181118')
INSERT INTO Attendance VALUES (4,2,'20181118')
INSERT INTO Attendance VALUES (4,5,'20181118')
INSERT INTO Attendance VALUES (4,6,'20181118')
INSERT INTO Attendance VALUES (1,2,'20181119')
INSERT INTO Attendance VALUES (1,3,'20181119')
INSERT INTO Attendance VALUES (1,4,'20181119')
INSERT INTO Attendance VALUES (1,5,'20181119')
INSERT INTO Attendance VALUES (1,6,'20181119')
INSERT INTO Attendance VALUES (7,6,'20181120')
INSERT INTO Attendance VALUES (7,7,'20181120')
INSERT INTO Attendance VALUES (10,9,'20181121')
INSERT INTO Attendance VALUES (2,1,'20181123')
INSERT INTO Attendance VALUES (9,3,'20181123')
INSERT INTO Attendance VALUES (2,10,'20181123')
INSERT INTO Attendance VALUES (3,5,'20181124')
INSERT INTO Attendance VALUES (3,7,'20181124')
INSERT INTO Attendance VALUES (3,9,'20181124')
INSERT INTO Attendance VALUES (3,10,'20181124')
INSERT INTO Attendance VALUES (4,1,'20181125')
INSERT INTO Attendance VALUES (4,2,'20181125')
INSERT INTO Attendance VALUES (4,3,'20181125')
INSERT INTO Attendance VALUES (4,6,'20181125')
INSERT INTO Attendance VALUES (4,7,'20181125')
INSERT INTO Attendance VALUES (1,10,'20181126')
INSERT INTO Attendance VALUES (1,2,'20181126')
INSERT INTO Attendance VALUES (5,3,'20181126')
INSERT INTO Attendance VALUES (1,4,'20181126')
INSERT INTO Attendance VALUES (1,5,'20181126')
INSERT INTO Attendance VALUES (7,9,'20181127')
INSERT INTO Attendance VALUES (7,6,'20181127')
INSERT INTO Attendance VALUES (7,7,'20181127')
INSERT INTO Attendance VALUES (2,1,'20181130')
INSERT INTO Attendance VALUES (2,3,'20181130')
INSERT INTO Attendance VALUES (8,4,'20181130')
INSERT INTO Attendance VALUES (2,10,'20181130')
INSERT INTO Attendance VALUES (3,3,'20181201')
INSERT INTO Attendance VALUES (3,6,'20181201')
INSERT INTO Attendance VALUES (3,9,'20181201')
INSERT INTO Attendance VALUES (3,1,'20181201')
INSERT INTO Attendance VALUES (4,1,'20181202')
INSERT INTO Attendance VALUES (4,3,'20181202')
INSERT INTO Attendance VALUES (4,6,'20181202')
INSERT INTO Attendance VALUES (4,7,'20181202')
INSERT INTO Attendance VALUES (4,8,'20181202')
INSERT INTO Attendance VALUES (1,6,'20181203')
INSERT INTO Attendance VALUES (1,10,'20181203')
INSERT INTO Attendance VALUES (1,2,'20181203')
INSERT INTO Attendance VALUES (1,3,'20181203')
INSERT INTO Attendance VALUES (7,6,'20181204')
INSERT INTO Attendance VALUES (7,7,'20181204')
INSERT INTO Attendance VALUES (7,9,'20181204')
INSERT INTO Attendance VALUES (10,9,'20181205')
INSERT INTO Attendance VALUES (2,1,'20181207')
INSERT INTO Attendance VALUES (2,2,'20181207')
INSERT INTO Attendance VALUES (9,3,'20181207')
INSERT INTO Attendance VALUES (2,4,'20181207')
INSERT INTO Attendance VALUES (2,10,'20181207')
INSERT INTO Attendance VALUES (3,4,'20181208')
INSERT INTO Attendance VALUES (3,7,'20181208')
INSERT INTO Attendance VALUES (3,9,'20181208')
INSERT INTO Attendance VALUES (3,10,'20181208')
INSERT INTO Attendance VALUES (4,2,'20181209')
INSERT INTO Attendance VALUES (4,6,'20181209')
INSERT INTO Attendance VALUES (1,4,'20181210')
INSERT INTO Attendance VALUES (1,5,'20181210')
INSERT INTO Attendance VALUES (5,6,'20181210')
INSERT INTO Attendance VALUES (6,10,'20181210')
INSERT INTO Attendance VALUES (7,6,'20181211')
INSERT INTO Attendance VALUES (7,7,'20181211')
INSERT INTO Attendance VALUES (7,9,'20181211')
INSERT INTO Attendance VALUES (10,9,'20181212')
INSERT INTO Attendance VALUES (2,1,'20181214')
INSERT INTO Attendance VALUES (2,6,'20181214')
INSERT INTO Attendance VALUES (8,3,'20181214')
INSERT INTO Attendance VALUES (2,4,'20181214')
INSERT INTO Attendance VALUES (2,10,'20181214')
INSERT INTO Attendance VALUES (3,8,'20181215')
INSERT INTO Attendance VALUES (3,6,'20181215')
INSERT INTO Attendance VALUES (3,4,'20181215')
INSERT INTO Attendance VALUES (3,2,'20181215')
INSERT INTO Attendance VALUES (4,2,'20181216')
INSERT INTO Attendance VALUES (4,6,'20181216')
INSERT INTO Attendance VALUES (7,6,'20181218')
INSERT INTO Attendance VALUES (7,7,'20181218')
INSERT INTO Attendance VALUES (7,9,'20181218')
INSERT INTO Attendance VALUES (10,9,'20181219')
INSERT INTO Attendance VALUES (2,1,'20181221')
INSERT INTO Attendance VALUES (9,3,'20181221')
INSERT INTO Attendance VALUES (3,1,'20181222')
INSERT INTO Attendance VALUES (3,3,'20181222')
INSERT INTO Attendance VALUES (3,5,'20181222')
INSERT INTO Attendance VALUES (3,6,'20181222')
INSERT INTO Attendance VALUES (4,1,'20181223')
INSERT INTO Attendance VALUES (4,2,'20181223')
INSERT INTO Attendance VALUES (4,6,'20181223')
INSERT INTO Attendance VALUES (4,7,'20181223')
INSERT INTO Attendance VALUES (4,8,'20181223')
INSERT INTO Attendance VALUES (10,1,'20181226')
INSERT INTO Attendance VALUES (10,9,'20181226')
INSERT INTO Attendance VALUES (3,7,'20181229')
INSERT INTO Attendance VALUES (3,8,'20181229')
INSERT INTO Attendance VALUES (3,9,'20181229')
INSERT INTO Attendance VALUES (3,10,'20181229')
INSERT INTO Attendance VALUES (3,1,'20190112')
INSERT INTO Attendance VALUES (3,2,'20190112')
INSERT INTO Attendance VALUES (3,3,'20190112')
INSERT INTO Attendance VALUES (3,4,'20190112')
INSERT INTO Attendance VALUES (10,9,'20190116')
INSERT INTO Attendance VALUES (3,5,'20190119')
INSERT INTO Attendance VALUES (3,6,'20190119')
INSERT INTO Attendance VALUES (3,7,'20190119')
INSERT INTO Attendance VALUES (3,8,'20190119')
INSERT INTO Attendance VALUES (4,1,'20190120')
INSERT INTO Attendance VALUES (4,2,'20190120')
INSERT INTO Attendance VALUES (4,3,'20190120')
INSERT INTO Attendance VALUES (4,4,'20190120')
INSERT INTO Attendance VALUES (4,5,'20190120')
INSERT INTO Attendance VALUES (10,9,'20190123')
INSERT INTO Attendance VALUES (3,9,'20190126')
INSERT INTO Attendance VALUES (3,10,'20190126')
INSERT INTO Attendance VALUES (3,1,'20190126')
INSERT INTO Attendance VALUES (3,3,'20190126')
INSERT INTO Attendance VALUES (4,6,'20190127')
INSERT INTO Attendance VALUES (4,7,'20190127')
INSERT INTO Attendance VALUES (4,8,'20190127')
INSERT INTO Attendance VALUES (4,9,'20190127')
INSERT INTO Attendance VALUES (2,1,'20190201')
INSERT INTO Attendance VALUES (2,3,'20190201')
INSERT INTO Attendance VALUES (8,4,'20190201')
INSERT INTO Attendance VALUES (2,10,'20190201')
INSERT INTO Attendance VALUES (3,5,'20190202')
INSERT INTO Attendance VALUES (3,7,'20190202')
INSERT INTO Attendance VALUES (3,8,'20190202')
INSERT INTO Attendance VALUES (4,10,'20190203')
INSERT INTO Attendance VALUES (4,1,'20190203')
INSERT INTO Attendance VALUES (4,2,'20190203')
INSERT INTO Attendance VALUES (1,2,'20190204')
INSERT INTO Attendance VALUES (1,3,'20190204')
INSERT INTO Attendance VALUES (1,4,'20190204')
INSERT INTO Attendance VALUES (2,1,'20190208')
INSERT INTO Attendance VALUES (2,3,'20190208')
INSERT INTO Attendance VALUES (2,10,'20190208')
INSERT INTO Attendance VALUES (3,9,'20190209')
INSERT INTO Attendance VALUES (3,10,'20190209')
INSERT INTO Attendance VALUES (3,1,'20190209')
INSERT INTO Attendance VALUES (4,3,'20190210')
INSERT INTO Attendance VALUES (4,4,'20190210')
INSERT INTO Attendance VALUES (4,5,'20190210')
INSERT INTO Attendance VALUES (1,5,'20190211')
INSERT INTO Attendance VALUES (5,6,'20190211')
INSERT INTO Attendance VALUES (1,10,'20190211')
INSERT INTO Attendance VALUES (7,1,'20190212')
INSERT INTO Attendance VALUES (7,2,'20190212')
INSERT INTO Attendance VALUES (7,6,'20190212')
INSERT INTO Attendance VALUES (9,4,'20190215')
INSERT INTO Attendance VALUES (2,10,'20190215')
INSERT INTO Attendance VALUES (3,2,'20190216')
INSERT INTO Attendance VALUES (3,3,'20190216')
INSERT INTO Attendance VALUES (3,5,'20190216')
INSERT INTO Attendance VALUES (3,7,'20190216')
INSERT INTO Attendance VALUES (4,6,'20190217')
INSERT INTO Attendance VALUES (4,7,'20190217')
INSERT INTO Attendance VALUES (4,8,'20190217')
INSERT INTO Attendance VALUES (4,9,'20190217')
INSERT INTO Attendance VALUES (1,2,'20190218')
INSERT INTO Attendance VALUES (1,3,'20190218')
INSERT INTO Attendance VALUES (1,4,'20190218')
INSERT INTO Attendance VALUES (1,5,'20190218')
INSERT INTO Attendance VALUES (7,7,'20190219')
INSERT INTO Attendance VALUES (7,9,'20190219')
INSERT INTO Attendance VALUES (7,1,'20190219')
INSERT INTO Attendance VALUES (7,2,'20190219')
INSERT INTO Attendance VALUES (10,2,'20190220')
INSERT INTO Attendance VALUES (10,6,'20190220')
INSERT INTO Attendance VALUES (10,9,'20190220')
INSERT INTO Attendance VALUES (4,10,'20190224')
INSERT INTO Attendance VALUES (4,1,'20190224')
INSERT INTO Attendance VALUES (4,2,'20190224')
INSERT INTO Attendance VALUES (5,6,'20190225')
INSERT INTO Attendance VALUES (6,10,'20190225')
INSERT INTO Attendance VALUES (1,2,'20190225')
INSERT INTO Attendance VALUES (7,3,'20190226')
INSERT INTO Attendance VALUES (7,4,'20190226')
INSERT INTO Attendance VALUES (7,6,'20190226')
INSERT INTO Attendance VALUES (10,9,'20190227')
INSERT INTO Attendance VALUES (2,1,'20190228')
INSERT INTO Attendance VALUES (2,3,'20190228')
INSERT INTO Attendance VALUES (8,4,'20190228')
INSERT INTO Attendance VALUES (2,10,'20190228')
INSERT INTO Attendance VALUES (3,9,'20190301')
INSERT INTO Attendance VALUES (3,1,'20190301')
INSERT INTO Attendance VALUES (3,3,'20190301')
INSERT INTO Attendance VALUES (4,3,'20190302')
INSERT INTO Attendance VALUES (4,4,'20190302')
INSERT INTO Attendance VALUES (4,5,'20190302')
INSERT INTO Attendance VALUES (4,6,'20190302')
INSERT INTO Attendance VALUES (1,3,'20190303')
INSERT INTO Attendance VALUES (1,4,'20190303')
INSERT INTO Attendance VALUES (1,5,'20190303')
INSERT INTO Attendance VALUES (5,6,'20190303')
INSERT INTO Attendance VALUES (7,5,'20190304')
INSERT INTO Attendance VALUES (7,7,'20190304')
INSERT INTO Attendance VALUES (7,8,'20190304')
INSERT INTO Attendance VALUES (7,9,'20190304')
INSERT INTO Attendance VALUES (10,9,'20190305')
INSERT INTO Attendance VALUES (4,7,'20190309')
INSERT INTO Attendance VALUES (4,8,'20190309')
INSERT INTO Attendance VALUES (4,9,'20190309')
INSERT INTO Attendance VALUES (4,10,'20190309')
INSERT INTO Attendance VALUES (1,10,'20190310')
INSERT INTO Attendance VALUES (1,2,'20190310')
INSERT INTO Attendance VALUES (1,3,'20190310')
INSERT INTO Attendance VALUES (1,4,'20190310')
INSERT INTO Attendance VALUES (7,1,'20190311')
INSERT INTO Attendance VALUES (7,2,'20190311')
INSERT INTO Attendance VALUES (7,3,'20190311')
INSERT INTO Attendance VALUES (7,6,'20190311')
INSERT INTO Attendance VALUES (2,1,'20190314')
INSERT INTO Attendance VALUES (2,3,'20190314')
INSERT INTO Attendance VALUES (9,4,'20190314')
INSERT INTO Attendance VALUES (2,10,'20190314')
INSERT INTO Attendance VALUES (3,4,'20190315')
INSERT INTO Attendance VALUES (3,6,'20190315')
INSERT INTO Attendance VALUES (3,8,'20190315')
INSERT INTO Attendance VALUES (3,10,'20190315')
INSERT INTO Attendance VALUES (4,1,'20190316')
INSERT INTO Attendance VALUES (4,2,'20190316')
INSERT INTO Attendance VALUES (4,3,'20190316')
INSERT INTO Attendance VALUES (4,4,'20190316')
INSERT INTO Attendance VALUES (1,5,'20190317')
INSERT INTO Attendance VALUES (5,6,'20190317')
INSERT INTO Attendance VALUES (6,10,'20190317')
INSERT INTO Attendance VALUES (1,2,'20190317')
INSERT INTO Attendance VALUES (7,7,'20190318')
INSERT INTO Attendance VALUES (7,9,'20190318')
INSERT INTO Attendance VALUES (7,6,'20190318')
INSERT INTO Attendance VALUES (7,1,'20190318')
INSERT INTO Attendance VALUES (10,9,'20190319')
INSERT INTO Attendance VALUES (2,1,'20190321')
INSERT INTO Attendance VALUES (2,3,'20190321')
INSERT INTO Attendance VALUES (8,4,'20190321')
INSERT INTO Attendance VALUES (2,10,'20190321')
INSERT INTO Attendance VALUES (3,2,'20190322')
INSERT INTO Attendance VALUES (3,1,'20190322')
INSERT INTO Attendance VALUES (3,3,'20190322')
INSERT INTO Attendance VALUES (3,5,'20190322')
INSERT INTO Attendance VALUES (4,5,'20190323')
INSERT INTO Attendance VALUES (4,6,'20190323')
INSERT INTO Attendance VALUES (4,7,'20190323')
INSERT INTO Attendance VALUES (4,8,'20190323')
INSERT INTO Attendance VALUES (1,3,'20190324')
INSERT INTO Attendance VALUES (1,4,'20190324')
INSERT INTO Attendance VALUES (1,5,'20190324')
INSERT INTO Attendance VALUES (5,6,'20190324')
INSERT INTO Attendance VALUES (7,2,'20190325')
INSERT INTO Attendance VALUES (7,4,'20190325')
INSERT INTO Attendance VALUES (7,6,'20190325')
INSERT INTO Attendance VALUES (7,8,'20190325')
INSERT INTO Attendance VALUES (10,9,'20190326')
INSERT INTO Attendance VALUES (2,1,'20190328')
INSERT INTO Attendance VALUES (2,3,'20190328')
INSERT INTO Attendance VALUES (9,4,'20190328')
INSERT INTO Attendance VALUES (2,10,'20190328')
INSERT INTO Attendance VALUES (3,7,'20190329')
INSERT INTO Attendance VALUES (3,9,'20190329')
INSERT INTO Attendance VALUES (3,2,'20190329')
INSERT INTO Attendance VALUES (3,4,'20190329')
INSERT INTO Attendance VALUES (4,9,'20190330')
INSERT INTO Attendance VALUES (4,10,'20190330')
INSERT INTO Attendance VALUES (4,1,'20190330')
INSERT INTO Attendance VALUES (4,2,'20190330')
INSERT INTO Attendance VALUES (1,10,'20190331')
INSERT INTO Attendance VALUES (1,2,'20190331')
INSERT INTO Attendance VALUES (1,3,'20190331')
INSERT INTO Attendance VALUES (1,4,'20190331')
INSERT INTO Attendance VALUES (7,1,'20190401')
INSERT INTO Attendance VALUES (7,3,'20190401')
INSERT INTO Attendance VALUES (7,5,'20190401')
INSERT INTO Attendance VALUES (7,7,'20190401')
INSERT INTO Attendance VALUES (10,9,'20190402')
INSERT INTO Attendance VALUES (2,1,'20190404')
INSERT INTO Attendance VALUES (2,3,'20190404')
INSERT INTO Attendance VALUES (9,5,'20190404')
INSERT INTO Attendance VALUES (2,10,'20190404')
INSERT INTO Attendance VALUES (3,6,'20190405')
INSERT INTO Attendance VALUES (3,8,'20190405')
INSERT INTO Attendance VALUES (3,9,'20190405')
INSERT INTO Attendance VALUES (3,7,'20190405')
INSERT INTO Attendance VALUES (4,3,'20190406')
INSERT INTO Attendance VALUES (4,4,'20190406')
INSERT INTO Attendance VALUES (4,5,'20190406')
INSERT INTO Attendance VALUES (4,6,'20190406')
INSERT INTO Attendance VALUES (1,5,'20190407')
INSERT INTO Attendance VALUES (5,6,'20190407')
INSERT INTO Attendance VALUES (1,10,'20190407')
INSERT INTO Attendance VALUES (1,2,'20190407')
INSERT INTO Attendance VALUES (7,9,'20190408')
INSERT INTO Attendance VALUES (7,8,'20190408')
INSERT INTO Attendance VALUES (7,7,'20190408')
INSERT INTO Attendance VALUES (7,6,'20190408')
INSERT INTO Attendance VALUES (10,9,'20190409')
INSERT INTO Attendance VALUES (2,1,'20190411')
INSERT INTO Attendance VALUES (8,3,'20190411')
INSERT INTO Attendance VALUES (2,4,'20190411')
INSERT INTO Attendance VALUES (2,10,'20190411')
INSERT INTO Attendance VALUES (3,3,'20190412')
INSERT INTO Attendance VALUES (3,1,'20190412')
INSERT INTO Attendance VALUES (3,2,'20190412')
INSERT INTO Attendance VALUES (3,6,'20190412')
INSERT INTO Attendance VALUES (4,7,'20190413')
INSERT INTO Attendance VALUES (4,8,'20190413')
INSERT INTO Attendance VALUES (4,9,'20190413')
INSERT INTO Attendance VALUES (4,10,'20190413')
INSERT INTO Attendance VALUES (4,1,'20190413')
INSERT INTO Attendance VALUES (1,3,'20190414')
INSERT INTO Attendance VALUES (1,4,'20190414')
INSERT INTO Attendance VALUES (1,5,'20190414')
INSERT INTO Attendance VALUES (5,6,'20190414')
INSERT INTO Attendance VALUES (7,1,'20190415')
INSERT INTO Attendance VALUES (7,3,'20190415')
INSERT INTO Attendance VALUES (7,5,'20190415')
INSERT INTO Attendance VALUES (7,7,'20190415')
INSERT INTO Attendance VALUES (10,9,'20190416')
INSERT INTO Attendance VALUES (2,1,'20190418')
INSERT INTO Attendance VALUES (9,3,'20190418')
INSERT INTO Attendance VALUES (2,4,'20190418')
INSERT INTO Attendance VALUES (2,10,'20190418')
INSERT INTO Attendance VALUES (3,10,'20190419')
INSERT INTO Attendance VALUES (3,2,'20190419')
INSERT INTO Attendance VALUES (3,3,'20190419')
INSERT INTO Attendance VALUES (3,4,'20190419')
INSERT INTO Attendance VALUES (4,2,'20190420')
INSERT INTO Attendance VALUES (4,3,'20190420')
INSERT INTO Attendance VALUES (4,4,'20190420')
INSERT INTO Attendance VALUES (4,5,'20190420')
INSERT INTO Attendance VALUES (6,10,'20190421')
INSERT INTO Attendance VALUES (1,2,'20190421')
INSERT INTO Attendance VALUES (1,3,'20190421')
INSERT INTO Attendance VALUES (1,4,'20190421')
INSERT INTO Attendance VALUES (7,9,'20190422')
INSERT INTO Attendance VALUES (7,8,'20190422')
INSERT INTO Attendance VALUES (7,7,'20190422')
INSERT INTO Attendance VALUES (7,6,'20190422')
INSERT INTO Attendance VALUES (10,9,'20190423')
INSERT INTO Attendance VALUES (2,1,'20190425')
INSERT INTO Attendance VALUES (8,3,'20190425')
INSERT INTO Attendance VALUES (2,4,'20190425')
INSERT INTO Attendance VALUES (2,10,'20190425')
INSERT INTO Attendance VALUES (3,5,'20190426')
INSERT INTO Attendance VALUES (3,6,'20190426')
INSERT INTO Attendance VALUES (3,7,'20190426')
INSERT INTO Attendance VALUES (3,8,'20190426')
INSERT INTO Attendance VALUES (4,6,'20190427')
INSERT INTO Attendance VALUES (4,7,'20190427')
INSERT INTO Attendance VALUES (4,8,'20190427')
INSERT INTO Attendance VALUES (4,9,'20190427')
INSERT INTO Attendance VALUES (1,5,'20190428')
INSERT INTO Attendance VALUES (1,6,'20190428')
INSERT INTO Attendance VALUES (6,10,'20190428')
INSERT INTO Attendance VALUES (1,2,'20190428')
INSERT INTO Attendance VALUES (7,5,'20190429')
INSERT INTO Attendance VALUES (7,4,'20190429')
INSERT INTO Attendance VALUES (7,3,'20190429')
INSERT INTO Attendance VALUES (4,10,'20190504')
INSERT INTO Attendance VALUES (4,1,'20190504')
INSERT INTO Attendance VALUES (4,2,'20190504')
INSERT INTO Attendance VALUES (7,2,'20190506')
INSERT INTO Attendance VALUES (7,6,'20190506')
INSERT INTO Attendance VALUES (7,7,'20190506')
INSERT INTO Attendance VALUES (7,9,'20190506')
INSERT INTO Attendance VALUES (10,9,'20190507')
INSERT INTO Attendance VALUES (3,9,'20190510')
INSERT INTO Attendance VALUES (3,10,'20190510')
INSERT INTO Attendance VALUES (3,1,'20190510')
INSERT INTO Attendance VALUES (3,2,'20190510')
INSERT INTO Attendance VALUES (4,3,'20190511')
INSERT INTO Attendance VALUES (4,4,'20190511')
INSERT INTO Attendance VALUES (4,5,'20190511')
INSERT INTO Attendance VALUES (4,6,'20190511')
INSERT INTO Attendance VALUES (7,6,'20190513')
INSERT INTO Attendance VALUES (7,7,'20190513')
INSERT INTO Attendance VALUES (7,9,'20190513')
INSERT INTO Attendance VALUES (10,9,'20190514')
INSERT INTO Attendance VALUES (2,1,'20190516')
INSERT INTO Attendance VALUES (9,3,'20190516')
INSERT INTO Attendance VALUES (2,4,'20190516')
INSERT INTO Attendance VALUES (2,10,'20190516')
INSERT INTO Attendance VALUES (3,3,'20190517')
INSERT INTO Attendance VALUES (3,4,'20190517')
INSERT INTO Attendance VALUES (3,5,'20190517')
INSERT INTO Attendance VALUES (3,6,'20190517')
INSERT INTO Attendance VALUES (4,7,'20190518')
INSERT INTO Attendance VALUES (4,8,'20190518')
INSERT INTO Attendance VALUES (4,9,'20190518')
INSERT INTO Attendance VALUES (4,10,'20190518')
INSERT INTO Attendance VALUES (4,1,'20190518')
INSERT INTO Attendance VALUES (7,6,'20190520')
INSERT INTO Attendance VALUES (7,7,'20190520')
INSERT INTO Attendance VALUES (7,9,'20190520')
INSERT INTO Attendance VALUES (10,1,'20190521')
INSERT INTO Attendance VALUES (10,3,'20190521')
INSERT INTO Attendance VALUES (10,2,'20190521')
INSERT INTO Attendance VALUES (10,9,'20190521')
INSERT INTO Attendance VALUES (2,1,'20190523')
INSERT INTO Attendance VALUES (8,3,'20190523')
INSERT INTO Attendance VALUES (2,4,'20190523')
INSERT INTO Attendance VALUES (2,10,'20190523')
INSERT INTO Attendance VALUES (3,7,'20190524')
INSERT INTO Attendance VALUES (3,8,'20190524')
INSERT INTO Attendance VALUES (3,9,'20190524')
INSERT INTO Attendance VALUES (3,10,'20190524')
INSERT INTO Attendance VALUES (4,2,'20190525')
INSERT INTO Attendance VALUES (4,3,'20190525')
INSERT INTO Attendance VALUES (4,6,'20190525')
INSERT INTO Attendance VALUES (10,1,'20190528')
INSERT INTO Attendance VALUES (10,9,'20190528')
INSERT INTO Attendance VALUES (3,1,'20190531')
INSERT INTO Attendance VALUES (3,2,'20190531')
INSERT INTO Attendance VALUES (3,3,'20190531')
INSERT INTO Attendance VALUES (3,4,'20190531')



